1.586028933525085449e+00,1.854309272766113281e+01
-1.071908760070800781e+01,2.564999198913574219e+01
1.736622047424316406e+01,1.779070663452148438e+01
4.945872879028320312e+01,1.491830825805664062e+00
7.193994045257568359e+00,9.589384078979492188e+00
6.681543827056884766e+00,-1.610899543762207031e+01
-1.170825099945068359e+01,4.006204986572265625e+01
1.700201606750488281e+01,2.070450019836425781e+01
2.079637718200683594e+01,-4.093630313873291016e+00
5.343257141113281250e+01,3.048960494995117188e+01
4.752946090698242188e+01,2.255797195434570312e+01
4.514633941650390625e+01,2.747490882873535156e+00
3.958157348632812500e+01,1.845512771606445312e+01
3.677246093750000000e+01,-1.582568740844726562e+01
2.569315147399902344e+01,-1.853033065795898438e+01
3.018937492370605469e+01,2.070317840576171875e+01
1.933855819702148438e+01,-1.712536811828613281e+01
-4.096369445323944092e-01,1.804863548278808594e+01
1.733063697814941406e+01,1.262577056884765625e+01
6.017474365234375000e+01,1.565955543518066406e+01
4.259456634521484375e+01,-8.648260116577148438e+00
7.271457672119140625e+00,1.545143890380859375e+01
-3.665224313735961914e+00,2.059859848022460938e+01
4.645125865936279297e+00,1.324815177917480469e+01
-2.369825172424316406e+01,2.152509307861328125e+01
2.765372657775878906e+01,2.268278121948242188e+01
1.497105026245117188e+01,1.745720672607421875e+01
9.203454017639160156e+00,1.024759387969970703e+01
2.327879333496093750e+01,-7.935003757476806641e+00
2.132585716247558594e+01,3.878322601318359375e+01
2.296918106079101562e+01,1.092629337310791016e+01
2.222075611352920532e-01,3.031132698059082031e+01
-6.646437835693359375e+01,-1.175616760253906250e+02
-2.823181152343750000e+01,-7.253215789794921875e+01
-5.717331695556640625e+01,-8.836647796630859375e+01
-4.735707092285156250e+01,-8.691540527343750000e+01
-3.560136413574218750e+01,-8.648359680175781250e+01
-3.300989532470703125e+01,-8.917442321777343750e+01
-4.256238174438476562e+01,-1.104863052368164062e+02
-3.556177139282226562e+01,-3.511309432983398438e+01
-2.194351387023925781e+01,-8.260705566406250000e+01
-3.258900451660156250e+01,-6.591230773925781250e+01
-2.119098472595214844e+01,-4.911423110961914062e+01
-3.979347229003906250e+01,-9.377059936523437500e+01
-6.067050552368164062e+01,-1.044261093139648438e+02
-4.670516204833984375e+01,-8.095049285888671875e+01
-4.596313476562500000e+01,-1.034929199218750000e+02
-4.708654785156250000e+01,-8.732091522216796875e+01
-5.311141967773437500e+01,-1.118918685913085938e+02
-4.489376831054687500e+01,-9.497028350830078125e+01
-4.004475402832031250e+01,-5.637909698486328125e+01
-4.280047607421875000e+01,-8.900555419921875000e+01
-2.367888259887695312e+01,-6.504375457763671875e+01
-4.069023895263671875e+01,-1.151460571289062500e+02
-2.806845855712890625e+01,-6.515252685546875000e+01
-3.865832901000976562e+01,-8.490232849121093750e+01
-1.320113658905029297e+01,-6.763047790527343750e+01
-5.453952026367187500e+01,-1.130230636596679688e+02
-4.861361312866210938e+01,-7.450666046142578125e+01
-3.634719085693359375e+01,-7.031878662109375000e+01
-4.483121490478515625e+01,-9.281007385253906250e+01
-4.248228073120117188e+01,-8.152909088134765625e+01
-1.573528003692626953e+01,-8.891924285888671875e+01
-4.872979354858398438e+01,-7.584521484375000000e+01
-5.209092330932617188e+01,-7.519248199462890625e+01
-5.556175613403320312e+01,-9.211276245117187500e+01
-4.495332336425781250e+01,-7.390280914306640625e+01
-6.733333587646484375e+01,-6.924713134765625000e+01
-4.981136703491210938e+01,-8.785459136962890625e+01
-3.671601486206054688e+01,-5.380541610717773438e+01
-4.272315597534179688e+01,-7.398136901855468750e+01
-8.001898956298828125e+01,6.716987609863281250e+01
-6.536945343017578125e+01,8.033227539062500000e+01
-4.927305984497070312e+01,5.549672317504882812e+01
-7.170967102050781250e+01,7.213146209716796875e+01
-5.623772048950195312e+01,6.731630706787109375e+01
-5.687416076660156250e+01,5.298894119262695312e+01
-6.042961502075195312e+01,4.178988265991210938e+01
-9.001875305175781250e+01,6.279647064208984375e+01
-2.201418495178222656e+01,4.801087570190429688e+01
-1.335329341888427734e+01,5.155956268310546875e+01
-3.126786804199218750e+01,6.354069900512695312e+01
-5.799209594726562500e+01,5.286657714843750000e+01
-5.071488189697265625e+01,4.191099929809570312e+01
-3.990890502929687500e+01,3.235966873168945312e+01
-8.736083221435546875e+01,9.137200164794921875e+01
-5.010800933837890625e+01,6.009704971313476562e+01
-2.465299797058105469e+01,5.757424545288085938e+01
-3.717194747924804688e+01,5.637226867675781250e+01
-3.476134490966796875e+01,4.519316864013671875e+01
-3.324886322021484375e+01,7.148360443115234375e+01
-5.501620864868164062e+01,3.234807586669921875e+01
-4.010982131958007812e+01,6.332080841064453125e+01
-6.415131378173828125e+01,8.670364379882812500e+01
-4.391863632202148438e+01,3.830355453491210938e+01
-1.805990791320800781e+01,4.361735916137695312e+01
-5.555976867675781250e+01,4.293395996093750000e+01
-6.115864181518554688e+01,3.686880111694335938e+01
-6.573935699462890625e+01,3.141775131225585938e+01
1.546589183807373047e+01,3.091109085083007812e+01
-4.290608978271484375e+01,7.770518493652343750e+01
-5.206628799438476562e+01,5.676600646972656250e+01
-7.846956634521484375e+01,7.820063781738281250e+01
-5.697428131103515625e+01,3.681233215332031250e+01
-7.818277740478515625e+01,8.987676239013671875e+01
-6.382527923583984375e+01,2.425657081604003906e+01
-5.829940795898437500e+01,4.534294128417968750e+01
-7.438615417480468750e+01,6.397417449951171875e+01
-8.713470458984375000e+01,7.487837219238281250e+01
-8.649150085449218750e+01,7.531303405761718750e+01
-6.854707336425781250e+01,9.312306213378906250e+01
-6.682694244384765625e+01,4.475570297241210938e+01
-8.478954315185546875e+01,5.672730636596679688e+01
-7.318292236328125000e+01,6.029483032226562500e+01
-2.817099952697753906e+01,2.148131561279296875e+01
-7.658876037597656250e+01,5.942432022094726562e+01
-7.679798126220703125e+01,1.017336273193359375e+02
-4.641417312622070312e+01,3.487121963500976562e+01
-1.569172096252441406e+01,1.847717475891113281e+01
-4.729817962646484375e+01,7.096196746826171875e+01
-4.858864593505859375e+01,5.551327133178710938e+01
-2.858980751037597656e+01,4.315405654907226562e+01
-7.041393280029296875e+01,7.978598022460937500e+01
-4.951573562622070312e+01,5.827584075927734375e+01
-6.266914749145507812e+01,6.863451385498046875e+01
-6.065330505371093750e+01,3.428942489624023438e+01
-4.475538253784179688e+01,1.279501724243164062e+01
-8.895882415771484375e+01,8.411635589599609375e+01
-1.442667388916015625e+01,3.252073669433593750e+01
-5.499441909790039062e+01,4.292660903930664062e+01
-4.862234878540039062e+01,6.354409408569335938e+01
-5.414713287353515625e+01,4.185886001586914062e+01
-8.253907775878906250e+01,5.110826110839843750e+01
-7.047909545898437500e+01,6.502822875976562500e+01
-6.007824325561523438e+01,5.717641830444335938e+01
-8.986318206787109375e+01,8.390828704833984375e+01
-4.779156112670898438e+01,7.374665832519531250e+01
-3.444075822830200195e+00,4.482379150390625000e+01
-6.840240478515625000e+01,6.886901092529296875e+01
-6.851259613037109375e+01,7.751709747314453125e+01
-8.042523956298828125e+01,5.269099426269531250e+01
-5.786336135864257812e+01,6.948081207275390625e+01
-3.842459106445312500e+01,7.132695770263671875e+01
-1.037245273590087891e+01,4.226388168334960938e+01
-7.948380279541015625e+01,8.274998474121093750e+01
-5.581332778930664062e+01,5.323484802246093750e+01
-4.190412521362304688e+01,6.746617126464843750e+01
-1.915608787536621094e+01,2.810751342773437500e+01
-2.322377204895019531e+01,5.458599090576171875e+01
-8.868133544921875000e+01,6.878079223632812500e+01
-5.512197494506835938e+01,1.865877342224121094e+01
-5.328135299682617188e+01,7.954552459716796875e+01
-6.364953613281250000e+01,2.996058273315429688e+01
-6.889879608154296875e+01,6.330778884887695312e+01
-6.671248626708984375e+01,5.418820571899414062e+01
-5.426898956298828125e+01,4.741144943237304688e+01
-7.939830780029296875e+01,8.812779998779296875e+01
-6.348340606689453125e+01,4.051144027709960938e+01
-4.818632125854492188e+01,4.178000259399414062e+01
-6.116763687133789062e+01,4.779583740234375000e+01
-5.437668228149414062e+01,4.072736358642578125e+01
-6.750243377685546875e+01,5.118656158447265625e+01
-6.102091217041015625e+01,5.413566970825195312e+01
-6.303578186035156250e+01,6.825782012939453125e+01
-4.211673355102539062e+01,7.181780242919921875e+01
-3.121892738342285156e+01,6.902609252929687500e+01
-6.390509796142578125e+01,4.863088607788085938e+01
-5.856097412109375000e+01,6.876268768310546875e+01
-7.648759460449218750e+01,5.978183746337890625e+01
-6.864816284179687500e+01,6.737541198730468750e+01
-6.561373138427734375e+01,6.124532699584960938e+01
-6.215349960327148438e+01,6.215438079833984375e+01
-5.873728179931640625e+01,6.056377792358398438e+01
-4.449797439575195312e+01,3.344110250473022461e+00
-2.590926933288574219e+01,2.509624290466308594e+01
-8.280988311767578125e+01,9.434976959228515625e+01
-6.998260498046875000e+01,5.380271911621093750e+01
-7.097459411621093750e+01,6.467760467529296875e+01
-6.543386077880859375e+01,2.947899246215820312e+01
-3.626457595825195312e+01,7.818292999267578125e+01
-8.412223815917968750e+01,5.827394104003906250e+01
-5.728419113159179688e+01,2.389408111572265625e+01
-4.922120285034179688e+01,2.931209182739257812e+01
-2.948371696472167969e+01,6.801380920410156250e+01
-4.224555969238281250e+01,5.918270874023437500e+01
-4.566215515136718750e+01,7.211945343017578125e+01
-5.721898269653320312e+01,8.321189880371093750e+01
-6.830180358886718750e+01,8.616946411132812500e+01
-5.497339630126953125e+01,9.463787841796875000e+01
-8.079262542724609375e+01,1.038350219726562500e+02
-5.746781158447265625e+01,4.997905731201171875e+01
-5.780632400512695312e+01,3.695540237426757812e+01
-8.748292922973632812e+00,6.488452911376953125e+01
-8.774185943603515625e+01,7.000900268554687500e+01
-8.411410522460937500e+01,9.585631561279296875e+01
-3.713651275634765625e+01,7.245906066894531250e+01
-7.414080810546875000e+01,6.475504302978515625e+01
-9.220371246337890625e+01,9.749660491943359375e+01
-6.450865173339843750e+01,6.512437438964843750e+01
-5.521714019775390625e+01,4.484598159790039062e+01
-6.532648468017578125e+01,5.238636398315429688e+01
-7.998779296875000000e+01,7.895720672607421875e+01
-7.294251251220703125e+01,7.476193237304687500e+01
-7.808239746093750000e+01,1.009011993408203125e+02
-8.411860656738281250e+01,5.845455551147460938e+01
-7.094083404541015625e+01,7.984962463378906250e+01
-6.993132781982421875e+01,5.527043914794921875e+01
2.199932098388671875e+00,1.004150295257568359e+01
-4.249442672729492188e+01,7.689845275878906250e+01
-5.278851699829101562e+01,7.988171386718750000e+01
-7.555605316162109375e+01,8.308427429199218750e+01
-7.011386871337890625e+01,8.655047607421875000e+01
-6.108777618408203125e+01,8.520448303222656250e+01
-4.063918304443359375e+01,1.352191448211669922e+01
-4.501371002197265625e+01,4.893262863159179688e+01
-7.553367614746093750e+01,7.964696502685546875e+01
-8.570883178710937500e+01,7.414862060546875000e+01
-8.029775238037109375e+01,6.298695755004882812e+01
-8.001948547363281250e+01,6.321997833251953125e+01
-5.201515197753906250e+01,8.258349609375000000e+01
-8.312586975097656250e+01,7.912335205078125000e+01
-7.334576416015625000e+01,6.538266754150390625e+01
-5.929159545898437500e+01,5.437017822265625000e+01
-4.669740676879882812e+01,2.269306755065917969e+01
-7.716619110107421875e+01,5.397688674926757812e+01
-5.836021423339843750e+01,4.348516082763671875e+01
-7.809334564208984375e+01,3.923454666137695312e+01
-8.514186096191406250e+01,8.613321685791015625e+01
-7.599274444580078125e+01,9.263063812255859375e+01
-7.283373260498046875e+01,7.632758331298828125e+01
-4.667150115966796875e+01,3.401071548461914062e+01
-7.352599334716796875e+01,6.587717437744140625e+01
-5.850839996337890625e+01,4.048743057250976562e+01
-6.017905426025390625e+01,9.327973937988281250e+01
-6.470658111572265625e+01,5.510161590576171875e+01
6.441256713867187500e+01,1.225170898437500000e+01
1.206941032409667969e+01,-3.746978044509887695e-01
3.011885452270507812e+01,-1.166676139831542969e+01
1.104058914184570312e+02,-1.759068369865417480e+00
4.642573547363281250e+01,6.867795944213867188e+00
8.101064300537109375e+01,-1.032494544982910156e+01
5.908682632446289062e+01,4.727978229522705078e+00
6.633415222167968750e+01,-1.384114456176757812e+01
9.617684936523437500e+01,5.671183109283447266e+00
1.037464218139648438e+02,1.855627441406250000e+01
7.232283020019531250e+01,-1.863363075256347656e+01
6.743334960937500000e+01,6.555071830749511719e+00
1.108516235351562500e+02,2.330397033691406250e+01
9.360884857177734375e+01,5.226396083831787109e+00
2.740995025634765625e+01,-2.490096855163574219e+01
2.614418601989746094e+01,-3.796458721160888672e+00
7.075482177734375000e+01,1.445952415466308594e+01
3.671246337890625000e+01,-1.745075988769531250e+01
1.110587844848632812e+02,2.685251235961914062e+01
9.526700592041015625e+01,1.183023643493652344e+01
1.062399749755859375e+02,-6.847599029541015625e+00
9.149234771728515625e+01,-1.138763904571533203e+01
5.103693389892578125e+01,2.349900722503662109e+00
5.344551467895507812e+01,-1.553463649749755859e+01
1.396472015380859375e+02,1.712243843078613281e+01
2.553621482849121094e+01,-7.701137542724609375e+00
2.447044181823730469e+01,9.901774525642395020e-01
9.363525390625000000e+01,-9.658477783203125000e+00
1.091426391601562500e+02,-4.627083301544189453e+00
5.055355453491210938e+01,-1.414060974121093750e+01
5.444885635375976562e+01,-9.639759063720703125e+00
7.268832397460937500e+01,-7.260509967803955078e+00
1.397918395996093750e+02,2.675172424316406250e+01
7.023109436035156250e+01,-3.513394832611083984e+00
7.627616119384765625e+01,-3.205072164535522461e+00
5.131585311889648438e+01,-3.819053173065185547e+00
7.822998046875000000e+01,3.151953125000000000e+01
8.132675170898437500e+01,8.183750152587890625e+00
1.021205978393554688e+02,1.676894068717956543e+00
9.616724395751953125e+01,-5.991732597351074219e+00
1.127528076171875000e+02,1.433569812774658203e+01
1.176314468383789062e+02,1.746771335601806641e+00
7.815567016601562500e+01,8.861933708190917969e+00
5.979714202880859375e+01,-4.993502616882324219e+00
1.081468124389648438e+02,-5.592082023620605469e+00
9.685208129882812500e+01,1.714530944824218750e+01
1.035186767578125000e+02,3.048702478408813477e+00
7.709326171875000000e+01,9.787080764770507812e+00
9.152112579345703125e+01,2.106299018859863281e+01
1.068667907714843750e+02,1.631191635131835938e+01
8.073616790771484375e+01,1.214522743225097656e+01
1.083156661987304688e+02,-3.419876813888549805e+00
9.314436340332031250e+01,-4.805550575256347656e+00
7.032959747314453125e+01,-1.557159423828125000e+01
7.890242004394531250e+01,1.056048297882080078e+01
7.014633178710937500e+01,5.113626003265380859e+00
1.066460037231445312e+02,1.640049171447753906e+01
7.506962585449218750e+01,-6.123015403747558594e+00
7.508760833740234375e+01,1.456860637664794922e+01
3.130010223388671875e+01,-1.045984077453613281e+01
1.112740859985351562e+02,9.421538352966308594e+00
8.135675811767578125e+01,3.873052358627319336e+00
4.393406677246093750e+01,1.592408466339111328e+01
1.092196044921875000e+02,1.674646949768066406e+01
4.398926162719726562e+01,-1.704977035522460938e+01
1.185324478149414062e+02,-1.253978133201599121e+00
9.209978485107421875e+01,1.775033378601074219e+01
8.523397827148437500e+01,-2.832584381103515625e-01
1.005569992065429688e+02,-5.581749439239501953e+00
6.987974548339843750e+01,-1.807978272438049316e+00
9.196143341064453125e+01,6.441216468811035156e+00
9.012524414062500000e+01,1.172859668731689453e+01
1.164251556396484375e+02,2.245591402053833008e+00
9.530783081054687500e+01,-2.184554815292358398e+00
3.018100166320800781e+01,-1.191115951538085938e+01
4.403904342651367188e+01,-2.601630687713623047e-01
1.166485137939453125e+02,1.753165245056152344e+01
7.104278564453125000e+01,1.214483737945556641e+01
8.525278472900390625e+01,8.796766281127929688e+00
1.916852760314941406e+01,4.779669761657714844e+00
9.765471649169921875e+01,9.186638832092285156e+00
8.425943756103515625e+01,-3.023355722427368164e+00
1.034068069458007812e+02,-6.121340274810791016e+00
1.048874969482421875e+02,1.707438230514526367e+00
4.273117446899414062e+01,-5.939827442169189453e+00
1.501437530517578125e+02,2.046786117553710938e+01
7.394792938232421875e+01,-1.158399581909179688e+01
3.702370452880859375e+01,-4.805984020233154297e+00
7.757720184326171875e+01,1.786908149719238281e+01
5.607558822631835938e+01,-2.174452304840087891e+00
7.865597534179687500e+01,-1.471902465820312500e+01
9.307899475097656250e+01,1.279890418052673340e+00
1.144891357421875000e+02,-1.178329563140869141e+01
9.597463989257812500e+01,1.726300835609436035e+00
7.446556091308593750e+01,1.614736557006835938e+01
1.077458190917968750e+02,6.550761699676513672e+00
3.628670501708984375e+01,-8.308571815490722656e+00
1.009510726928710938e+02,4.117983341217041016e+00
7.836244201660156250e+01,8.620404243469238281e+00
1.018089904785156250e+02,2.048535728454589844e+01
8.432418823242187500e+01,8.981911659240722656e+00
8.981530761718750000e+01,-4.395274162292480469e+00
1.289871978759765625e+02,1.288523483276367188e+01
7.541302490234375000e+01,9.045643806457519531e+00
3.558966445922851562e+01,-5.164693355560302734e+00
3.731221771240234375e+01,-1.050563812255859375e+01
8.048791503906250000e+01,2.674397468566894531e+00
1.113489990234375000e+02,-2.812429368495941162e-01
8.738562774658203125e+01,1.803432083129882812e+01
9.716999053955078125e+01,9.248523712158203125e+00
9.872254943847656250e+01,-1.239526271820068359e+00
5.485313034057617188e+01,-1.038944435119628906e+01
1.036450881958007812e+02,6.780959606170654297e+00
8.687767791748046875e+01,8.608300209045410156e+00
2.939520454406738281e+01,-1.736596870422363281e+01
5.952728271484375000e+01,-1.571419119834899902e+00
3.622248840332031250e+01,1.298180675506591797e+01
-2.012860107421875000e+01,2.674506568908691406e+01
2.737305259704589844e+01,2.318075180053710938e+01
3.640437364578247070e+00,2.956580924987792969e+01
2.517414855957031250e+01,-1.343034553527832031e+01
3.290230512619018555e+00,1.905379867553710938e+01
2.331255912780761719e+01,-8.283318519592285156e+00
1.001279735565185547e+01,-7.190577030181884766e+00
5.809958648681640625e+01,2.465954399108886719e+01
2.882493782043457031e+01,1.414497089385986328e+01
7.293523788452148438e+00,1.662151527404785156e+01
5.375297069549560547e+00,6.939170837402343750e+00
2.229558753967285156e+01,2.938704490661621094e+00
-1.823457717895507812e+01,3.133762359619140625e+01
1.868451833724975586e+00,1.513061332702636719e+01
-2.269098281860351562e+01,1.837193489074707031e+01
2.170075416564941406e+01,8.302771568298339844e+00
4.053413772583007812e+01,-1.247977256774902344e+01
1.127355098724365234e+00,2.316464233398437500e+01
1.785999870300292969e+01,5.515153884887695312e+00
1.822079658508300781e+01,1.895329833030700684e+00
5.541753172874450684e-01,-3.527323246002197266e+00
3.323107910156250000e+01,2.203036308288574219e+01
-1.018538379669189453e+01,3.172009086608886719e+01
1.460137271881103516e+01,1.535827541351318359e+01
-2.508514595031738281e+01,-6.307720184326171875e+00
-1.115266895294189453e+01,5.217736721038818359e+00
2.022256088256835938e+01,-1.039087200164794922e+01
2.787031173706054688e+01,1.208347034454345703e+01
2.406675964593887329e-01,-3.520242691040039062e+00
1.651606941223144531e+01,1.342225360870361328e+01
-9.549129486083984375e+00,2.345863914489746094e+01
2.346648025512695312e+01,2.841962814331054688e+01
9.249456024169921875e+01,-7.409524917602539062e+00
6.592932891845703125e+01,8.585414886474609375e+00
9.203659057617187500e+01,1.350266647338867188e+01
1.052546920776367188e+02,1.356995964050292969e+01
7.785872650146484375e+01,-1.142929172515869141e+01
9.075376892089843750e+01,2.694915008544921875e+01
7.911772155761718750e+01,1.025854682922363281e+01
1.051873855590820312e+02,2.850658416748046875e+00
6.040731048583984375e+01,4.075727462768554688e+00
1.189879684448242188e+02,-1.398414325714111328e+01
8.815301513671875000e+01,1.078686523437500000e+01
8.949768066406250000e+01,6.033967018127441406e+00
1.335755920410156250e+02,1.777333450317382812e+01
2.438691520690917969e+01,-1.340940475463867188e+01
8.542065429687500000e+01,9.355466842651367188e+00
1.255676803588867188e+02,2.416197204589843750e+01
8.945267486572265625e+01,1.005943298339843750e+01
9.505313873291015625e+01,1.035882568359375000e+01
8.175600433349609375e+01,-1.471223950386047363e+00
9.444950103759765625e+01,1.636365890502929688e+01
7.810608673095703125e+01,-1.993227005004882812e+01
9.734202575683593750e+01,-5.202510833740234375e+00
7.658271789550781250e+01,1.652669715881347656e+01
1.071781387329101562e+02,-3.177812099456787109e+00
9.533361816406250000e+01,2.118750762939453125e+01
6.562059020996093750e+01,-4.118798255920410156e+00
4.944414901733398438e+01,6.348001480102539062e+00
8.797312927246093750e+01,9.687835693359375000e+00
7.725126647949218750e+01,3.816830873489379883e+00
8.557577514648437500e+01,-2.112217140197753906e+01
6.680432128906250000e+01,1.105533599853515625e+01
1.298725433349609375e+02,6.823198318481445312e+00
8.146880340576171875e+01,5.309806823730468750e+00
7.191263580322265625e+01,7.875984191894531250e+00
1.478486938476562500e+02,2.382769012451171875e+01
8.808142089843750000e+01,7.103272914886474609e+00
6.292322540283203125e+01,-3.163820505142211914e+00
7.676920318603515625e+01,-8.617441058158874512e-01
2.303881454467773438e+01,-3.243609905242919922e+00
4.455386352539062500e+01,8.172844886779785156e+00
9.950932312011718750e+01,6.307263851165771484e+00
1.096362991333007812e+02,1.269690513610839844e+01
9.338796234130859375e+01,1.559011745452880859e+01
6.509810638427734375e+01,8.719676017761230469e+00
9.574831390380859375e+01,1.557246971130371094e+01
2.188761329650878906e+01,4.408959865570068359e+00
2.339764404296875000e+01,1.027637386322021484e+01
4.120804595947265625e+01,2.974563217163085938e+01
1.915573310852050781e+01,5.428718566894531250e+00
1.807453918457031250e+01,-2.685092926025390625e+00
3.049039125442504883e+00,-2.776699960231781006e-01
1.515695858001708984e+01,9.876833915710449219e+00
-1.124770641326904297e+00,2.935035514831542969e+01
2.667228126525878906e+01,9.142871499061584473e-01
1.626216888427734375e+01,9.746123313903808594e+00
5.983443737030029297e+00,5.350748443603515625e+01
3.338491058349609375e+01,1.901399803161621094e+01
4.514260768890380859e+00,1.341612339019775391e+01
1.219663715362548828e+01,1.041702079772949219e+01
9.430167198181152344e+00,1.244261741638183594e+01
2.930967903137207031e+01,5.092907428741455078e+00
2.542438125610351562e+01,-4.057940006256103516e+00
1.433144855499267578e+01,2.563781356811523438e+01
2.664840126037597656e+01,2.323327445983886719e+01
3.507331466674804688e+01,1.519122695922851562e+01
1.891116714477539062e+01,1.926380729675292969e+01
1.323697376251220703e+01,3.115426635742187500e+01
3.247012710571289062e+01,5.806326866149902344e-01
3.333934402465820312e+01,1.347458934783935547e+01
5.507746219635009766e+00,-4.894104480743408203e+00
3.467826461791992188e+01,9.924240112304687500e+00
-2.704546737670898438e+01,3.642850112915039062e+01
-1.106192946434020996e+00,1.938041877746582031e+01
3.543625640869140625e+01,1.441648101806640625e+01
1.070935058593750000e+01,-4.166404247283935547e+00
9.480214118957519531e+00,-1.131665802001953125e+01
1.044129848480224609e+01,1.781994819641113281e+01
-3.183400917053222656e+01,4.503586959838867188e+01
6.754099845886230469e+00,5.059050559997558594e+00
2.769401168823242188e+01,1.756338882446289062e+01
2.960891151428222656e+01,-1.129433917999267578e+01
2.072871208190917969e+01,9.519486427307128906e+00
3.104582786560058594e+01,3.247548103332519531e+00
-7.154203057289123535e-01,1.903042793273925781e+01
1.485510063171386719e+01,2.620691490173339844e+01
-1.129226493835449219e+01,4.463106155395507812e+00
9.698920249938964844e+00,1.083357572555541992e+00
3.000318145751953125e+01,1.264055347442626953e+01
2.189826774597167969e+01,1.293830204010009766e+01
3.334610700607299805e+00,1.750506019592285156e+01
-4.764534473419189453e+00,2.748663711547851562e+01
2.910964965820312500e+01,-2.277775287628173828e+00
2.283651542663574219e+01,2.759300422668457031e+01
5.249787521362304688e+01,2.661182975769042969e+01
5.588577270507812500e+01,2.470408439636230469e+00
-3.124239921569824219e+00,4.887721061706542969e+00
-1.810425877571105957e+00,-5.614362239837646484e+00
1.179557609558105469e+01,7.191683769226074219e+00
1.037668895721435547e+01,3.610851669311523438e+01
1.993914794921875000e+01,1.534298801422119141e+01
2.668871116638183594e+01,2.834264373779296875e+01
-3.322008514404296875e+01,2.878831481933593750e+01
-2.126069307327270508e+00,1.569712352752685547e+01
-5.735458374023437500e+00,2.679322957992553711e+00
-4.958799362182617188e+00,2.586566162109375000e+01
2.125479888916015625e+01,1.127886581420898438e+01
3.995345592498779297e+00,-9.864066123962402344e+00
-3.317105770111083984e+00,1.115175056457519531e+01
2.252901840209960938e+01,5.822149276733398438e+00
1.743288993835449219e+01,-6.246242523193359375e-01
3.615395355224609375e+01,5.826357364654541016e+00
1.673870086669921875e+01,5.643716335296630859e+00
2.132201004028320312e+01,1.059347438812255859e+01
3.311849594116210938e+01,1.709092521667480469e+01
-5.954817771911621094e+00,2.284920883178710938e+01
-3.967312812805175781e+00,-2.750318717956542969e+01
1.835379791259765625e+01,4.218720245361328125e+01
4.115628051757812500e+01,3.350164413452148438e+01
-9.154352188110351562e+00,3.147590255737304688e+01
-2.187815904617309570e-01,2.765158081054687500e+01
1.960937500000000000e+01,1.170979380607604980e+00
8.134145736694335938e+00,-6.853150367736816406e+00
2.183537864685058594e+01,-7.683530330657958984e+00
9.478309750556945801e-01,3.423051452636718750e+01
1.308530807495117188e+00,3.399007415771484375e+01
-1.996747589111328125e+01,2.765031051635742188e+01
-3.425671815872192383e+00,1.549151301383972168e+00
2.732261657714843750e+01,3.039985847473144531e+01
4.899036407470703125e+00,2.804870986938476562e+01
2.346408081054687500e+01,1.407943844795227051e+00
-1.889124679565429688e+01,-4.265404701232910156e+00
3.070124387741088867e+00,2.784092664718627930e+00
1.122769165039062500e+01,1.538626861572265625e+01
1.096385574340820312e+01,1.484510421752929688e+01
-1.725591278076171875e+01,1.497736930847167969e+01
3.441255569458007812e+01,2.126965332031250000e+01
6.153593540191650391e+00,1.578184986114501953e+01
3.371269226074218750e+01,1.863572502136230469e+01
2.875416946411132812e+01,-6.490953445434570312e+00
-7.843249797821044922e+00,1.838823509216308594e+01
3.997948455810546875e+01,2.673077964782714844e+01
1.412779331207275391e+01,1.365190029144287109e+01
2.855004882812500000e+01,8.475402832031250000e+00
1.501987552642822266e+01,1.728000450134277344e+01
1.271333980560302734e+01,2.324979019165039062e+01
4.430129528045654297e+00,1.709818649291992188e+01
-3.557119750976562500e+01,3.974652099609375000e+01
3.483719635009765625e+01,5.075706481933593750e+00
1.388758182525634766e+01,1.999463081359863281e+01
1.178051757812500000e+01,1.783708572387695312e+01
3.691271972656250000e+01,1.187372875213623047e+01
7.438305377960205078e+00,4.524432659149169922e+00
1.467009186744689941e+00,1.452320098876953125e+00
-6.103199768066406250e+01,-1.219842300415039062e+02
-1.262074756622314453e+01,-5.153099060058593750e+01
1.435830879211425781e+01,-3.678995513916015625e+01
-6.773156738281250000e+01,-1.165293502807617188e+02
-3.394701766967773438e+01,-7.087602996826171875e+01
-2.796423339843750000e+01,-6.314673995971679688e+01
-2.825470733642578125e+01,-6.896475219726562500e+01
-1.876870346069335938e+01,-7.757328796386718750e+01
-3.812654495239257812e+01,-1.120971984863281250e+02
-2.194950294494628906e+01,-7.022499084472656250e+01
-6.082379913330078125e+01,-8.427090454101562500e+01
-3.096358108520507812e+01,-8.986611175537109375e+01
-4.955912017822265625e+01,-7.118156433105468750e+01
-3.589547729492187500e+01,-6.875185394287109375e+01
-4.696098709106445312e+01,-7.704106903076171875e+01
-4.449473571777343750e+01,-6.913948059082031250e+01
-4.022029876708984375e+01,-8.403141784667968750e+01
-5.625546264648437500e+01,-6.658563232421875000e+01
-3.308394622802734375e+01,-4.846363067626953125e+01
-4.896139144897460938e+01,-8.843963623046875000e+01
-4.599899673461914062e+01,-1.023184432983398438e+02
-3.796528625488281250e+01,-8.704000854492187500e+01
-2.737284278869628906e+01,-5.140100097656250000e+01
-4.161059570312500000e+01,-9.832897949218750000e+01
-2.553734016418457031e+01,-8.474501037597656250e+01
-5.804617309570312500e+01,-5.867263031005859375e+01
-4.081607055664062500e+01,-9.064957427978515625e+01
-5.174769973754882812e+01,-7.269781494140625000e+01
-4.761542892456054688e+01,-8.308929443359375000e+01
-5.102917098999023438e+01,-7.773410797119140625e+01
-5.200143814086914062e+01,-9.634432983398437500e+01
-2.905884742736816406e+01,-8.193781280517578125e+01
-5.945403289794921875e+01,-1.130732040405273438e+02
-4.421578598022460938e+01,-7.474025726318359375e+01
-4.770227050781250000e+01,-8.251392364501953125e+01
-4.081960678100585938e+01,-1.139926223754882812e+02
-4.985205459594726562e+01,-8.227700805664062500e+01
-2.953768539428710938e+01,-9.249240112304687500e+01
-3.100752067565917969e+01,-8.613093566894531250e+01
-4.555921936035156250e+01,-9.625559234619140625e+01
-4.808794021606445312e+01,-6.774732208251953125e+01
-5.186804199218750000e+01,-8.190979766845703125e+01
-4.354317092895507812e+01,-9.816918945312500000e+01
-3.358460235595703125e+01,-8.800431823730468750e+01
-2.434236335754394531e+01,-1.136252975463867188e+02
-3.879817962646484375e+01,-8.140190887451171875e+01
-4.535243225097656250e+01,-8.245564270019531250e+01
-3.160941696166992188e+01,-7.032006072998046875e+01
-2.548299026489257812e+01,-6.096899414062500000e+01
-2.675356292724609375e+01,-7.409140777587890625e+01
-4.399721527099609375e+01,-9.706393432617187500e+01
-4.271125411987304688e+01,-7.915627288818359375e+01
-4.898168945312500000e+01,-9.606951904296875000e+01
-4.208517551422119141e+00,-5.254838943481445312e+01
-1.973136138916015625e+01,-8.870390319824218750e+01
-3.943327713012695312e+01,-9.040327453613281250e+01
-2.874122619628906250e+01,-7.371263122558593750e+01
-4.341966629028320312e+01,-1.104758911132812500e+02
-5.640026092529296875e+01,-8.788831329345703125e+01
-4.845708847045898438e+01,-8.121395111083984375e+01
-1.770042991638183594e+01,-4.386612701416015625e+01
-3.717941284179687500e+01,-5.449917984008789062e+01
-5.502816772460937500e+01,-8.748516082763671875e+01
-5.928248214721679688e+01,-1.054589157104492188e+02
-4.975744628906250000e+01,-1.203223571777343750e+02
-5.681521987915039062e+01,-9.149835205078125000e+01
-4.151517868041992188e+01,-8.850184631347656250e+01
-3.186289978027343750e+01,-8.917165374755859375e+01
-5.067813491821289062e+01,-1.073210296630859375e+02
-4.646751403808593750e+01,-7.676102447509765625e+01
-3.227822113037109375e+01,-5.155751037597656250e+01
-3.636032104492187500e+01,-7.947529602050781250e+01
-2.844042587280273438e+01,-6.719042205810546875e+01
-1.553461837768554688e+01,-9.127892303466796875e+01
-3.257613372802734375e+01,-7.837876129150390625e+01
-5.687233734130859375e+01,-6.904579925537109375e+01
-3.325206756591796875e+01,-7.242361450195312500e+01
-5.544214248657226562e+01,-1.119727096557617188e+02
-4.302763366699218750e+01,-9.360578918457031250e+01
-5.999393463134765625e+01,-1.271485748291015625e+02
-2.820971679687500000e+01,-3.906985092163085938e+01
-5.976579666137695312e+01,-8.487349700927734375e+01
-3.533677291870117188e+01,-7.693242645263671875e+01
-4.641258239746093750e+01,-6.675841522216796875e+01
-2.735078048706054688e+01,-1.987170410156250000e+01
-4.103656768798828125e+01,-5.610958099365234375e+01
-2.651096916198730469e+01,-8.727186584472656250e+01
-6.929923248291015625e+01,-8.943450164794921875e+01
-3.551823043823242188e+01,-7.917364501953125000e+01
-2.466826820373535156e+01,-7.885459136962890625e+01
-3.629066467285156250e+01,-6.306066131591796875e+01
-2.654827499389648438e+01,-6.312272262573242188e+01
-1.397754383087158203e+01,-1.564861392974853516e+01
-2.795774841308593750e+01,-1.013846740722656250e+02
-3.406767272949218750e+01,-8.652954864501953125e+01
-4.673913574218750000e+01,-1.203481216430664062e+02
-1.720877265930175781e+01,-6.160097122192382812e+01
-3.572776031494140625e+01,-8.172285461425781250e+01
9.099829673767089844e+00,-2.247439193725585938e+01
-2.568033790588378906e+01,-3.382277679443359375e+01
-4.748120117187500000e+01,-7.192414855957031250e+01
-2.725320434570312500e+01,-6.949559783935546875e+01
-4.555706405639648438e+01,-9.030454254150390625e+01
-1.641747283935546875e+01,-8.517781829833984375e+01
-5.907158279418945312e+01,-8.701181793212890625e+01
-2.862115669250488281e+01,-7.115959930419921875e+01
-3.168300056457519531e+01,-1.020649261474609375e+02
-4.735002899169921875e+01,-6.921176910400390625e+01
-5.678956222534179688e+01,-9.482347869873046875e+01
-5.612761974334716797e+00,-7.163901519775390625e+01
-5.818152236938476562e+01,-7.264347076416015625e+01
-9.060725212097167969e+00,-7.274253082275390625e+01
-5.187484741210937500e+01,-7.503460693359375000e+01
-2.578012084960937500e+01,-6.359378051757812500e+01
-3.859191513061523438e+01,-8.073867034912109375e+01
-3.175152778625488281e+01,-1.037426376342773438e+02
